{"cameraMode":{"drawMode":0,"name":"Shaded","section":"Shading Mode"},"sceneLighting":true,"audioPlay":false,"sceneViewState":{"showFog":true,"showMaterialUpdate":false,"showSkybox":true,"showFlares":true,"showImageEffects":true,"showParticleSystems":true},"in2DMode":false,"pivot":{"x":-389.7533264160156,"y":1.7356852293014527,"z":18.941905975341798},"rotation":{"x":0.024873368442058564,"y":0.9612978100776672,"z":-0.09256910532712937,"w":0.2583010196685791},"size":1.143169641494751,"orthographic":false}