{"cameraMode":{"drawMode":0,"name":"Shaded","section":"Shading Mode"},"sceneLighting":true,"audioPlay":false,"sceneViewState":{"showFog":true,"showMaterialUpdate":false,"showSkybox":true,"showFlares":true,"showImageEffects":true,"showParticleSystems":true},"in2DMode":false,"pivot":{"x":-389.27459716796877,"y":-3.2357304096221926,"z":53.151981353759769},"rotation":{"x":0.12172234058380127,"y":0.3149429261684418,"z":-0.04074586182832718,"w":0.9404458999633789},"size":12.12435531616211,"orthographic":false}