{"cameraMode":{"drawMode":0,"name":"Shaded","section":"Shading Mode"},"sceneLighting":false,"audioPlay":false,"sceneViewState":{"showFog":true,"showMaterialUpdate":false,"showSkybox":false,"showFlares":true,"showImageEffects":true,"showParticleSystems":true},"in2DMode":false,"pivot":{"x":-29.59673309326172,"y":10.312527656555176,"z":0.6523319482803345},"rotation":{"x":0.1679975688457489,"y":0.6923699378967285,"z":-0.17281176149845124,"w":0.6806677579879761},"size":10.0,"orthographic":false}