{"cameraMode":{"drawMode":0,"name":"Shaded","section":"Shading Mode"},"sceneLighting":false,"audioPlay":false,"sceneViewState":{"showFog":true,"showMaterialUpdate":false,"showSkybox":false,"showFlares":true,"showImageEffects":true,"showParticleSystems":true},"in2DMode":false,"pivot":{"x":1.0088154077529908,"y":2.037214517593384,"z":8.780903816223145},"rotation":{"x":-0.06145191937685013,"y":-0.8623340725898743,"z":0.1083083227276802,"w":-0.49147942662239077},"size":0.04330102354288101,"orthographic":false}