{"cameraMode":{"drawMode":0,"name":"Shaded","section":"Shading Mode"},"sceneLighting":false,"audioPlay":false,"sceneViewState":{"showFog":true,"showMaterialUpdate":false,"showSkybox":false,"showFlares":true,"showImageEffects":true,"showParticleSystems":true},"in2DMode":false,"pivot":{"x":0.003205999732017517,"y":0.004196520894765854,"z":0.006118595600128174},"rotation":{"x":0.18819892406463624,"y":0.001411678735166788,"z":-0.00016619260713923723,"w":0.9822377562522888},"size":0.06843919306993485,"orthographic":false}