{"cameraMode":{"drawMode":0,"name":"Shaded","section":"Shading Mode"},"sceneLighting":false,"audioPlay":false,"sceneViewState":{"showFog":true,"showMaterialUpdate":false,"showSkybox":false,"showFlares":true,"showImageEffects":true,"showParticleSystems":true},"in2DMode":false,"pivot":{"x":2.505257725715637e-7,"y":-0.002644849941134453,"z":0.0012827375903725625},"rotation":{"x":0.18819892406463624,"y":0.001411678735166788,"z":-0.00016619260713923723,"w":0.9822377562522888},"size":0.03269065544009209,"orthographic":false}