{"cameraMode":{"drawMode":0,"name":"Shaded","section":"Shading Mode"},"sceneLighting":true,"audioPlay":false,"sceneViewState":{"showFog":true,"showMaterialUpdate":false,"showSkybox":true,"showFlares":true,"showImageEffects":true,"showParticleSystems":true},"in2DMode":false,"pivot":{"x":-27.42108154296875,"y":0.6040592193603516,"z":14.130863189697266},"rotation":{"x":-0.02684261091053486,"y":0.35586589574813845,"z":-0.010497944429516793,"w":-0.9347281455993652},"size":19.110801696777345,"orthographic":false}