{"cameraMode":{"drawMode":0,"name":"Shaded","section":"Shading Mode"},"sceneLighting":false,"audioPlay":false,"sceneViewState":{"showFog":true,"showMaterialUpdate":false,"showSkybox":false,"showFlares":true,"showImageEffects":true,"showParticleSystems":true},"in2DMode":false,"pivot":{"x":1.83184015750885,"y":-1.4784069061279297,"z":4.234995365142822},"rotation":{"x":-0.2838704288005829,"y":-0.4741404950618744,"z":0.1656344085931778,"w":-0.8170686960220337},"size":5.0133957862854,"orthographic":false}