{"cameraMode":{"drawMode":0,"name":"Shaded","section":"Shading Mode"},"sceneLighting":false,"audioPlay":false,"sceneViewState":{"showFog":true,"showMaterialUpdate":false,"showSkybox":false,"showFlares":true,"showImageEffects":true,"showParticleSystems":true},"in2DMode":false,"pivot":{"x":-11.280055046081543,"y":3.8736090660095217,"z":11.847107887268067},"rotation":{"x":0.07018845528364182,"y":0.8381705284118652,"z":-0.11003316938877106,"w":0.5306735634803772},"size":0.8429920673370361,"orthographic":false}