{"cameraMode":{"drawMode":0,"name":"Shaded","section":"Shading Mode"},"sceneLighting":false,"audioPlay":false,"sceneViewState":{"showFog":true,"showMaterialUpdate":false,"showSkybox":false,"showFlares":true,"showImageEffects":true,"showParticleSystems":true},"in2DMode":false,"pivot":{"x":0.00002385862171649933,"y":-0.004529519937932491,"z":0.005100160837173462},"rotation":{"x":0.18819892406463624,"y":0.001411678735166788,"z":-0.00016619260713923723,"w":0.9822377562522888},"size":0.12799204885959626,"orthographic":false}