{"cameraMode":{"drawMode":0,"name":"Shaded","section":"Shading Mode"},"sceneLighting":true,"audioPlay":false,"sceneViewState":{"showFog":true,"showMaterialUpdate":false,"showSkybox":true,"showFlares":true,"showImageEffects":true,"showParticleSystems":true},"in2DMode":false,"pivot":{"x":-38.50832748413086,"y":5.4447503089904789,"z":10.135164260864258},"rotation":{"x":0.008671088144183159,"y":-0.7389258742332459,"z":-0.011983250267803669,"w":-0.6743645668029785},"size":0.45143237709999087,"orthographic":false}