{"cameraMode":{"drawMode":0,"name":"Shaded","section":"Shading Mode"},"sceneLighting":true,"audioPlay":false,"sceneViewState":{"showFog":true,"showMaterialUpdate":false,"showSkybox":true,"showFlares":true,"showImageEffects":true,"showParticleSystems":true},"in2DMode":false,"pivot":{"x":1.5931987762451172,"y":1.1142995357513428,"z":8.689056396484375},"rotation":{"x":0.2863764762878418,"y":-0.5340408086776733,"z":0.19838254153728486,"w":0.7704569697380066},"size":1.5194075107574463,"orthographic":false}