{"cameraMode":{"drawMode":0,"name":"Shaded","section":"Shading Mode"},"sceneLighting":false,"audioPlay":false,"sceneViewState":{"showFog":true,"showMaterialUpdate":false,"showSkybox":false,"showFlares":true,"showImageEffects":true,"showParticleSystems":true},"in2DMode":false,"pivot":{"x":0.000053999945521354675,"y":0.004341123625636101,"z":-0.00020732730627059937},"rotation":{"x":0.18819892406463624,"y":0.001411678735166788,"z":-0.00016619260713923723,"w":0.9822377562522888},"size":0.043994784355163577,"orthographic":false}