{"cameraMode":{"drawMode":0,"name":"Shaded","section":"Shading Mode"},"sceneLighting":true,"audioPlay":false,"sceneViewState":{"showFog":true,"showMaterialUpdate":false,"showSkybox":true,"showFlares":true,"showImageEffects":true,"showParticleSystems":true},"in2DMode":false,"pivot":{"x":-400.04876708984377,"y":2.314805507659912,"z":1.760315179824829},"rotation":{"x":0.0003772730706259608,"y":0.9989790916442871,"z":-0.04529348015785217,"w":0.007789224851876497},"size":10.0,"orthographic":false}