{"cameraMode":{"drawMode":0,"name":"Shaded","section":"Shading Mode"},"sceneLighting":false,"audioPlay":false,"sceneViewState":{"showFog":true,"showMaterialUpdate":false,"showSkybox":false,"showFlares":true,"showImageEffects":true,"showParticleSystems":true},"in2DMode":false,"pivot":{"x":-6.739670276641846,"y":0.6356840133666992,"z":-15.566737174987793},"rotation":{"x":-0.14716556668281556,"y":0.11312037706375122,"z":-0.01871945708990097,"w":-0.9829880595207214},"size":0.061237137764692309,"orthographic":false}